"Month_Day","2010","2011","2012","2013","2014","2015","2016","2017","2018","2019","2020","Mean","Median","Maximum","Minimum"
"01-01",35.07782,36.38257,35.72252,40.2170000000067,34.1998,35.17913,38.86006,36.44704,38.55613,38.88462,37.0549,36.9619627272733,36.44704,40.2170000000067,34.1998
"01-02",33.26652,36.27205,36.40099,35.9190000000022,31.78064,32.65866,39.16706,35.27737,42.43354,35.84532,39.46485,36.2260000000002,35.9190000000022,42.43354,31.78064
"01-03",34.19673,37.07946,35.22211,35.305,35.56288,33.38932,38.44868,35.42473,41.04897,37.42023,37.46321,36.4146654545455,35.56288,41.04897,33.38932
"01-04",34.74012,36.51151,35.94049,39.2959999999978,35.29579,38.28904,36.64966,35.89444,34.9366,36.3702900001009,36.19223,36.3741972727362,36.19223,39.2959999999978,34.74012
"01-05",33.96955,35.59051,35.82997,42.3659999999978,35.53525,38.39342,35.23439,37.05797,38.92453,38.6789299998991,35.3971,36.9979654545361,35.82997,42.3659999999978,33.96955
"01-06",31.54425,35.25281,36.06329,39.6030000000045,33.96648,37.3005,36.12469,36.21986,40.524,38.42412,37.40795,36.5846318181822,36.21986,40.524,31.54425
"01-07",31.48285,35.08396,31.80827,37.4539999999911,35.94356,32.19202,35.69489,35.10852,41.24238,39.5723,37.16235,35.7040999999992,35.69489,41.24238,31.48285
"01-08",33.94806,34.97037,33.49063,37.7610000000089,34.9366,35.07475,34.37786,35.90672,39.67361,41.48184,38.27676,36.3543818181826,35.07475,41.48184,33.49063
"01-09",35.19141,36.87991,37.06104,35.6119999999955,35.02563,35.46157,35.67647,38.49166,36.29047,37.49698,36.5391400000001,36.3387527272723,36.29047,38.49166,35.02563
"01-10",35.77471,38.39649,36.18302,35.9190000000022,35.29886,35.71638,36.33652,39.26223,38.10177,34.7831,36.68036,36.5865854545457,36.18302,39.26223,34.7831
"01-11",35.73787,33.71167,35.08396,32.8490000000022,34.55899,35.72252,38.5592,35.75322,40.34287,35.17299,36.0418,35.7758263636366,35.72252,40.34287,32.8490000000022
"01-12",32.7569,35.75015,34.51601,31.3139999999911,35.67954,39.28372,38.85699,35.74401,37.37111,34.70942,35.95891,35.6309781818174,35.74401,39.28372,31.3139999999911
"01-13",36.0049600000011,34.1384,33.65641,36.84,35.81462,38.48859,35.84532,35.13615,36.37336,34.25199,36.84,35.7627090909092,35.84532,38.48859,33.65641
"01-14",32.56963,36.12469,34.54057,36.2260000000089,34.87213,34.74933,35.89444,36.5023,35.71638,35.432405,39.37582,35.6366995454554,35.71638,39.37582,32.56963
"01-15",30.92104,35.62428,35.94663,40.2169999999955,36.26591,30.41756,38.04344,35.10852,36.49923,34.2341839999977,38.50394,35.6165212727267,35.94663,40.2169999999955,30.41756
"01-16",32.88584,35.69796,36.75097,34.6909999999978,35.42166,35.90672,32.77532,39.12408,37.77942,43.5979910000023,36.01724,36.4225637272727,35.90672,43.5979910000023,32.77532
"01-17",36.86456,35.7655,36.82465,32.5420000000067,36.78781,35.5506,32.71085,38.76182,39.39731,31.59337,39.13022,35.9935172727279,36.78781,39.39731,31.59337
"01-18",35.4278,35.95891,36.6251,34.0769999999955,35.81155,38.99821,35.66726,34.88134,39.12408,37.48777,31.88195,35.9946336363632,35.81155,39.12408,31.88195
"01-19",33.76693,36.46853,35.73787,39.91,35.71331,38.82015,38.85699,34.27655,39.06575,35.98961,31.2526,36.3507536363636,35.98961,39.91,31.2526
"01-20",32.96259,33.83754,36.6251,36.84,34.72784,37.93292,39.47099,34.20287,39.04119,36.08785,39.89465,36.5112309090909,36.6251,39.89465,32.96259
"01-21",32.6955,35.6427,35.65498,35.305,37.76714,36.09092,36.92903,33.89894,39.65519,38.84164,44.96936,37.0409454545455,36.09092,44.96936,32.6955
"01-22",34.19059,35.65805,35.61814,35.6119999999955,36.06329,36.20451,31.76836,37.23603,39.09952,40.01438,36.22907,36.1539945454541,36.06329,40.01438,31.76836
"01-23",34.26427,37.53996,38.5899,36.2260000000089,35.23439,34.47303,32.80909,38.4978,37.63206,33.51212,35.7317299999999,35.8645772727281,35.7317299999999,38.5899,32.80909
"01-24",35.75629,37.56759,31.007,35.9189999999911,29.73909,30.11056,38.44561,37.51233,37.05183,34.14761,38.41491,35.0610745454537,35.9189999999911,38.44561,29.73909
"01-25",34.22743,36.70185,30.26713,35.6027900000067,36.46239,37.04876,36.21065,37.28822,37.25752,34.44233,36.92596,35.6759118181824,36.46239,37.28822,30.26713
"01-26",33.3095,37.54303,33.3095,31.8972999999933,35.13922,38.47631,40.74504,36.03566,37.50005,36.10627,37.52461,36.1442263636358,36.10627,40.74504,31.8972999999933
"01-27",34.73091,36.08478,34.6603,35.6120000000067,36.29047,39.36047,30.42063,34.63267,37.62285,40.31524,37.06718,36.0725000000006,36.08478,40.31524,30.42063
"01-28",36.20144,35.92514,34.29497,35.9190000000022,36.42248,35.58437,36.39178,36.60668,37.63513,39.31442,35.35412,36.3317754545457,36.20144,39.31442,34.29497
"01-29",29.02071,35.8576,34.1384,37.7609999999978,35.75015,30.84122,37.88687,38.89997,38.38421,30.59869,36.54528,35.0621909090907,35.8576,38.89997,29.02071
"01-30",35.55674,36.07557,36.86149,32.235,31.91879,36.00189,30.07372,35.72866,39.94991,36.14925,38.9675099999999,35.4107754545454,36.00189,39.94991,30.07372
"01-31",35.23439,35.78699,36.42248,35.6119999999955,35.71638,38.55306,36.66501,33.58273,39.47099,36.89526,37.5154000000001,36.4958809090905,36.42248,39.47099,33.58273
"02-01",33.75158,35.94049,30.60176,36.2259999999978,33.92657,38.93681,36.1032,33.02092,39.96526,35.77164,36.4501099999999,35.5176672727271,35.94049,39.96526,30.60176
"02-02",35.67647,35.56595,30.79517,35.6120000000067,35.5199,34.42391,35.65805,32.69857,40.66215,36.35494,38.3350900000001,35.5729272727279,35.6120000000067,40.66215,30.79517
"02-03",32.45297,37.03341,31.54425,39.6029999999933,35.51069,33.156,38.76182,35.5813,38.989,36.32424,37.12551,36.0074718181812,36.32424,39.6029999999933,31.54425
"02-04",31.63328,37.40488,35.92514,31.3140000000022,35.24974,35.34184,37.22989,40.36129,37.5768,38.16624,35.84839,36.0046809090911,35.92514,40.36129,31.3140000000022
"02-05",32.80909,37.50926,35.07782,31.6209999999978,33.78842,35.69796,34.11998,42.32302,37.52768,40.24156,37.22375,36.1763218181816,35.69796,42.32302,31.6209999999978
"02-06",36.55142,36.16767,34.04016,31.6210000000089,32.30561,35.70103,32.4806,39.12408,38.3443,37.04569,37.8715199999999,35.5684618181826,36.16767,39.12408,31.6210000000089
"02-07",36.09399,36.75097,30.39607,35.6119999999955,32.89812,33.62878,38.50087,33.72702,39.67054,34.04937,34.92739,35.1141018181814,34.92739,39.67054,30.39607
"02-08",32.96566,35.37254,31.67012,30.3930000000045,34.97344,34.9059,39.39117,34.37479,37.86231,34.35637,34.10156,34.5788054545459,34.37479,39.39117,30.3930000000045
"02-09",32.23807,36.31196,32.36701,26.7089999999911,35.72559,38.63288,38.068,36.20758,38.39649,31.72845,38.9214599999999,35.0278627272719,36.20758,38.9214599999999,26.7089999999911
"02-10",33.29415,35.52911,34.42391,33.77,35.89137,39.18548,34.55285,36.08785,37.28515,36.62817,38.41798,35.9150927272727,35.89137,39.18548,33.29415
"02-11",33.29108,34.97651,32.89505,35.305,35.71331,31.81441,35.95891,35.8883,38.14168,40.7696,37.81626,35.6881918181818,35.71331,40.7696,31.81441
"02-12",33.59194,35.72559,35.59665,35.305,35.33263,32.94417,35.64884,36.51765,37.45093,39.33898,33.5243999999999,35.5433436363636,35.59665,39.33898,32.94417
"02-13",34.9673,36.19837,36.84921,31.0070000000067,36.02952,36.21986,35.86681,36.34573,38.53464,37.84082,33.05162,35.7191709090915,36.19837,38.53464,31.0070000000067
"02-14",36.12162,32.56963,35.94356,32.235,35.82997,35.32342,35.74708,38.84471,39.13636,34.16603,36.49002,35.6734,35.82997,39.13636,32.235
"02-15",34.79845,40.49637,34.09235,29.7790000000022,35.78085,38.8355,36.14925,38.9583,39.12101,33.68711,35.80234,36.136411818182,35.80234,40.49637,29.7790000000022
"02-16",35.67033,35.19755,33.14372,31.6209999999978,35.92514,33.12223,37.07639,36.64045,39.46485,36.86456,36.6251,35.5773927272725,35.92514,39.46485,31.6209999999978
"02-17",35.01949,35.30807,34.22129,34.9979999999933,35.24053,35.94356,38.8662,36.95666,39.59379,37.58294,39.30828,36.6398918181812,35.94356,39.59379,34.22129
"02-18",31.24032,34.63881,34.58048,35.6120000000067,35.5199,36.39178,38.69428,37.83775,39.04426,37.05797,39.5109,36.3753136363642,36.39178,39.5109,31.24032
"02-19",32.35473,35.19448,33.59194,34.0769999999955,36.49309,35.33877,37.39567,37.04262,37.9452,37.61057,35.85146,35.717775454545,35.85146,37.9452,32.35473
"02-20",34.691,37.37725,30.55264,29.4720000000067,35.56902,35.51376,33.30643,36.87991,37.71495,36.91368,33.0301299999999,34.6382518181824,35.51376,37.71495,29.4720000000067
"02-21",36.49002,35.45236,33.64413,35.6119999999955,33.66562,32.63103,34.35944,35.1515,37.43251,34.14761,37.23603,35.0747499999996,35.1515,37.43251,32.63103
"02-22",33.73316,35.07782,31.84511,31.9280000000045,32.48367,36.29968,36.99043,39.01663,38.14782,37.47242,38.92453,35.6290245454549,36.29968,39.01663,31.84511
"02-23",33.53054,31.26795,30.91183,29.7789999999911,34.01867,38.64516,38.00353,38.62981,37.36497,36.92903,39.60914,35.3354209090901,36.92903,39.60914,29.7789999999911
"02-24",34.92125,32.06615,32.66787,32.8490000000022,32.58498,36.83386,38.24606,35.60893,37.80091,37.34655,37.01806,35.267601818182,35.60893,38.24606,32.06615
"02-25",32.45911,35.79313,34.27655,34.3840000000022,36.8707,35.72252,37.17156,31.93414,37.76714,36.0725,35.6242799999999,35.2796027272729,35.72252,37.76714,31.93414
"02-26",33.02092,36.10013,34.52215,35.9190000000022,36.80623,33.33099,37.01192,33.21126,37.55838,38.28597,38.08335,35.8045727272729,36.10013,38.28597,33.02092
"02-27",33.64413,36.27819,35.73787,27.9369999999955,35.59665,33.1867,33.61957,35.4585,38.97979,37.92371,36.32731,34.9717654545451,35.59665,38.97979,27.9369999999955
"02-28",35.87909,37.34348,35.65498,30.3930000000045,45.52196,38.81094,35.47078,38.54078,38.97672,37.47242,34.82608,37.1718390909095,37.34348,45.52196,30.3930000000045
"02-29",NA,NA,33.14372,NA,NA,NA,36.47467,NA,NA,NA,36.18302,NA,NA,NA,NA
"03-01",33.27266,36.06022,31.14208,36.2259999999978,35.57209,35.19141,39.18855,38.7127,39.28372,34.52522,36.18302,35.9416063636362,36.06022,39.28372,31.14208
"03-02",30.43598,35.3357,31.90037,34.6909999999978,31.34777,37.65969,37.97283,39.24688,39.10259,37.76714,36.84921,35.6644690909089,36.84921,39.24688,30.43598
"03-03",27.27388,35.62428,31.36312,36.84,38.8109399999978,36.08171,38.75261,32.34552,39.27144,36.12469,37.9145,35.4911536363634,36.12469,39.27144,27.27388
"03-04",25.76037,32.85207,34.97037,35.6120000000067,36.9996399999955,36.07557,39.62449,36.46546,39.61528,37.34348,40.88012,36.0180772727275,36.46546,40.88012,25.76037
"03-05",26.92083,33.71474,35.21904,30.7,30.03995,31.82055,39.0967569999988,39.49862,38.49473,35.8883,39.98061,34.6703751818181,35.21904,39.98061,26.92083
"03-06",33.1007400000017,36.01417,35.84839,32.8489999999911,36.0663600000045,35.66419,39.0623730000011,38.34737,39.40038,36.35494,38.49473,36.4729675454544,36.0663600000045,39.40038,32.8489999999911
"03-07",30.1412599999983,36.6926400000011,32.7262,36.84,30.4666799999933,37.58294,36.9014,39.98368,38.91225,38.66665,36.50537,35.9471881818175,36.84,39.98368,30.1412599999983
"03-08",26.5708499999994,35.17913,32.33938,31.0070000000067,35.1944800000022,36.81544,36.01724,36.06329,38.64516,38.53771,40.60075,35.1791300000008,36.01724,40.60075,26.5708499999994
"03-09",27.8909500000011,35.97426,37.46321,27.63,37.80398,39.29907,36.8707,37.84696,39.65212,37.41102,40.29068,36.1939045454547,37.46321,40.29068,27.63
"03-10",27.7190300000011,35.87909,37.64127,30.3929999999933,37.8684500000022,38.86927,36.57905,39.08724,39.50783,37.33734,39.98982,36.4428536363633,37.64127,39.98982,27.7190300000011
"03-11",22.9912299999983,35.99268,33.81298,36.5330000000045,31.41531,35.89137,37.21761,41.4143,35.305,39.04733,38.85392,35.3158845454548,35.99268,41.4143,22.9912299999983
"03-12",24.9775199999994,37.48777,39.8977199999989,37.1469999999955,41.4235100000022,30.21801,40.72969,32.43455,39.48941,37.26366,36.1553899999999,36.1112936363633,37.26366,41.4235100000022,24.9775199999994
"03-13",28.2440000000022,37.07025,34.8567800000011,31.3140000000022,29.30008,38.47631,38.66358,40.93231,39.6029999999983,37.0242,35.23132,35.5196209090913,37.0242,40.93231,28.2440000000022
"03-14",28.4466199999989,39.285255,33.40467,33.4630000000045,31.62714,38.52543,40.92003,40.99371,46.0039500000017,33.2174,38.59604,36.7712040909095,38.52543,46.0039500000017,28.4466199999989
"03-15",31.94642,35.7655,39.2591600000011,31.6209999999978,36.3181000000022,36.6865,39.90693,41.97918,41.9515499999989,38.8662,39.3420499999999,37.6038718181818,38.8662,41.97918,31.6209999999978
"03-16",37.5000499999989,35.54753,36.4808099999966,31.6209999999978,36.8614899999911,42.3813500000067,38.27983,43.59707,37.8868699999994,34.03709,39.61528,37.6189427272719,37.5000499999989,43.59707,31.6209999999978
"03-17",27.14801,37.3434799999989,40.6038200000011,35.6120000000067,37.1101600000045,36.0724999999978,35.79927,51.0848,38.7618199999994,35.40017,40.15253,37.7353236363644,37.1101600000045,51.0848,27.14801
"03-18",25.1463700000006,38.2491300000011,39.9529800000034,32.8489999999911,32.05694,33.04241,36.44397,53.98595,36.49923,40.95687,48.46916,37.9683645454542,36.49923,53.98595,25.1463700000006
"03-19",27.3230000000017,38.1416800000011,38.3442999999978,33.4630000000045,32.235,38.4486799999955,34.66644,51.34882,40.7542500000006,37.06104,40.0573600000013,37.4403245454548,38.1416800000011,51.34882,27.3230000000017
"03-20",26.095,39.0350499999955,38.4333299999977,34.3840000000022,34.6909999999978,37.2698000000089,36.1032,47.97796,37.8745900000017,37.56452,32.8367199999998,36.5695609090912,37.2698000000089,47.97796,26.095
"03-21",32.5419999999983,36.5115100000011,36.2075800000011,28.2440000000022,27.63,32.5450699999955,43.3729600000022,42.82036,40.4687399999983,42.14189,29.4320899999989,35.6287454545453,36.2075800000011,43.3729600000022,27.63
"03-22",24.56,40.8310000000033,36.8430700000034,35.305,28.8580000000045,40.7511800000045,39.3635400000045,37.78249,38.7648900000011,40.91082,30.2916900000007,35.8419709090929,37.78249,40.91082,24.56
"03-23",26.9546,38.0679999999989,41.2393099999978,27.3229999999933,32.5419999999955,40.6744299999978,27.4120299999933,36.38871,38.4609599999989,40.30296,33.6134299999988,34.8163118181795,36.38871,41.2393099999978,26.9546
"03-24",31.3661899999994,35.305,52.0364999999978,30.7,36.2259999999978,35.4063099999978,38.0710700000022,38.7034900000009,39.0780299999994,42.09277,34.0156000000012,37.5455418181815,36.2259999999978,52.0364999999978,30.7
"03-25",25.9875500000011,37.1470000000011,48.9603600000022,34.9980000000045,41.1380000000045,36.2382800000022,40.2599800000045,40.6038199999994,39.5999300000017,41.81033,36.2659100000003,38.4553781818201,39.5999300000017,48.9603600000022,25.9875500000011
"03-26",24.0288899999989,37.7609999999978,44.2110699999977,31.3140000000022,32.8490000000022,35.2098299999933,29.3584099999978,41.6046399999993,40.8340699999983,36.03873,30.9179699999978,34.9206918181805,35.2098299999933,44.2110699999977,24.0288899999989
"03-27",28.2747000000022,45.7429999999989,40.3121700000045,31.6209999999978,33.1559999999978,38.5714800000067,35.7962000000022,41.0649340000014,38.88155,40.68364,32.7845300000025,36.9899276363649,38.5714800000067,45.7429999999989,28.2747000000022
"03-28",31.0069999999983,43.9010000000034,44.7544599999955,31.9279999999933,43.5940000000022,43.4957599999978,36.5422099999933,32.52358,36.2167900000006,42.88483,32.4867399999982,38.1213063636348,36.5422099999933,44.7544599999955,31.0069999999983
"03-29",30.2180099999994,37.7609999999978,54.47101,30.7,40.5240000000022,38.6451600000045,40.19244,37.23296,36.6465900000017,43.60628,31.6609100000001,38.3325781818187,37.7609999999978,54.47101,30.2180099999994
"03-30",28.1304100000006,32.5420000000011,62.9810500000033,32.235,38.375,38.99514,36.0264500000022,43.5111100000007,36.8983299999983,38.23992,32.3731500000018,38.2097781818189,36.8983299999983,62.9810500000033,28.1304100000006
"03-31",28.8580000000017,38.375,51.7602000000011,36.84,31.6209999999978,45.5587999999911,31.26488,46.05,36.6158900000017,37.43251,33.610359999998,37.9987854545447,36.84,51.7602000000011,28.8580000000017
"04-01",28.5509999999978,42.98,64.6296399999989,32.5420000000067,38.375,40.9630100000067,32.235,35.305,36.1031999999978,40.62531,45.9579000000014,39.8424600000008,38.375,64.6296399999989,28.5509999999978
"04-02",29.165,52.8039999999966,46.27104,33.77,42.0590000000022,35.7348,34.3840000000022,37.4539999999994,36.4777400000006,43.36989,39.0411899999984,39.1391509090909,37.4539999999994,52.8039999999966,29.165
"04-03",29.165,49.4546300000022,36.3702899999978,31.9279999999933,37.7609999999978,35.5536699999978,38.0680000000045,42.98,39.2622300000017,43.08131,40.7235500000009,38.5770618181814,38.0680000000045,49.4546300000022,29.165
"04-04",31.3140000000022,35.1821999999978,35.1729900000033,33.4630000000045,28.8579999999933,35.8207600000022,35.9189999999911,32.8490000000008,40.3612899999994,39.66133,38.0434399999987,35.1495463636358,35.1821999999978,40.3612899999994,28.8579999999933
"04-05",31.3139999999994,35.6120000000011,34.0769999999955,30.7,29.165,42.6453699999955,42.6730000000045,30.0859999999992,40.3183099999994,44.50272,43.56637,36.7872518181813,35.6120000000011,44.50272,29.165
"04-06",30.7,38.0679999999989,41.7919100000022,34.6909999999978,42.3660000000089,45.8381700000067,34.0769999999955,35.305,44.5456999999989,45.48512,45.8044000000005,39.8793000000008,41.7919100000022,45.8381700000067,30.7
"04-07",27.3721199999989,37.7610000000033,48.9450100000011,34.9980000000045,41.1379999999933,44.8066499999978,39.91,39.91,38.9644400000006,46.34165,49.0156199999999,40.8329536363636,39.91,49.0156199999999,27.3721199999989
"04-08",28.6001200000006,41.7704200000011,56.2178399999989,37.7609999999978,34.6909999999978,46.4398899999956,39.6030000000045,42.98,37.7978400000006,49.58664,44.7882299999994,41.8396345454542,41.7704200000011,56.2178399999989,28.6001200000006
"04-09",30.3929999999989,47.8919999999955,56.2485399999978,36.2259999999978,41.445,39.4372199999978,50.655,41.1380000000003,32.08764,44.60403,44.1281800000015,42.2049645454536,41.445,56.2485399999978,30.3929999999989
"04-10",32.8490000000022,38.6820000000011,77.7815200000022,28.5509999999978,42.98,44.61631,42.3659999999978,46.9710000000006,41.1379999999989,40.217,42.0190900000005,43.4700836363637,42.0190900000005,77.7815200000022,28.5509999999978
"04-11",36.2259999999978,58.6370000000011,63.9665200000011,30.7,42.98,49.12614,43.2870000000067,42.3659999999992,47.8920000000011,34.3840000000001,47.7968299999997,45.2146809090915,43.2870000000067,63.9665200000011,30.7
"04-12",35.9190000000022,57.4090000000022,48.49065,31.6210000000089,42.6730000000045,60.1443700000089,35.6119999999955,47.8920000000011,49.7339999999994,40.524,38.6267399999996,44.4223418181839,42.6730000000045,60.1443700000089,31.6210000000089
"04-13",34.9979999999989,41.1379999999989,54.4525899999989,32.8489999999911,38.375,48.1713699999911,36.2259999999978,57.1019999999997,38.6820000000011,41.138,39.0596099999986,42.0174154545433,39.0596099999986,57.1019999999997,32.8489999999911
"04-14",34.6910000000006,39.6029999999989,56.5678200000011,34.6910000000089,41.445,58.0230000000045,44.515,65.6980000000003,35.6119999999983,42.059,35.4308700000017,44.3941536363649,41.445,65.6980000000003,34.6910000000006
"04-15",38.375,44.515,45.4175799999989,34.3839999999911,30.7,51.5759999999978,38.375,55.26,42.3660000000006,42.98,40.2691899999983,42.2016154545442,42.3660000000006,55.26,30.7
"04-16",37.7610000000006,47.2779999999989,48.49065,31.9280000000045,34.6909999999978,40.8309999999978,32.5420000000067,66.3119999999997,46.05,47.8920000000001,44.6377999999999,43.4921318181823,44.6377999999999,66.3119999999997,31.9280000000045
"04-17",35.305,50.9620000000011,56.60773,29.4719999999955,47.1306400000067,34.9980000000045,30.3929999999933,64.47,49.7339999999994,42.98,30.7,42.9774881818182,42.98,64.47,29.4719999999955
"04-18",38.9889999999994,49.7002300000022,70.93542,31.6210000000089,45.1750499999955,34.0769999999955,40.2170000000067,63.8559999999992,54.6460000000006,44.8219999999999,35.734800000001,46.3430454545463,44.8219999999999,70.93542,31.6210000000089
"04-19",45.7429999999989,43.8672299999955,67.3557999999978,30.7,39.4433599999978,41.1380000000045,34.9979999999933,58.9440000000008,39.2960000000006,45.436,46.7867999999993,44.8825627272717,43.8672299999955,67.3557999999978,30.7
"04-20",42.0589999999994,42.9984200000045,68.0373400000033,32.5419999999955,49.4423500000022,41.445,32.8490000000022,59.865,51.5760000000006,55.874,47.0938000000004,47.616537272728,47.0938000000004,68.0373400000033,32.5419999999955
"04-21",36.84,48.5059999999955,82.1654799999978,34.0769999999955,50.7532400000022,44.515,31.0069999999955,47.8919999999997,53.1110000000006,48.506,40.4011999999995,47.0703563636351,47.8919999999997,82.1654799999978,31.0069999999955
"04-22",38.9583000000022,42.82957,84.59692,35.6120000000067,50.7747299999955,42.3659999999978,40.5240000000022,45.4360000000006,36.84,45.436,44.0852000000018,46.1326109090915,42.82957,84.59692,35.6120000000067
"04-23",31.9279999999989,45.1320700000022,79.7555300000022,34.3840000000022,50.1392400000045,57.8203800000067,42.3659999999978,47.8919999999997,42.98,50.655,43.0413999999985,47.8266927272739,45.1320700000022,79.7555300000022,31.9279999999989
"04-24",32.235,52.92987,93.9542799999978,29.7789999999911,41.9669,48.5796799999955,45.4360000000089,67.8469999999997,47.2779999999989,59.865,48.1069000000002,51.6343299999993,48.1069000000002,93.9542799999978,29.7789999999911
"04-25",35.6120000000011,44.62245,83.20621,33.1560000000089,53.49782,51.9812400000022,42.98,54.3389999999994,40.2170000000011,63.549,51.9136999999996,50.461310909092,51.9136999999996,83.20621,33.1560000000089
"04-26",34.1107699999983,42.5624799999978,82.35582,35.305,54.9407199999955,55.4749000000022,37.4539999999911,42.0590000000008,45.7429999999989,57.716,51.7602000000018,49.0438081818169,45.7429999999989,82.35582,34.1107699999983
"04-27",32.8489999999994,43.1273600000011,63.9481,36.84,64.0401999999978,38.9122499999955,40.2170000000067,42.0589999999994,52.4970000000011,66.27823,57.1940999999975,48.9056581818181,43.1273600000011,66.27823,32.8489999999994
"04-28",37.1470000000011,55.1863199999989,65.0041800000034,41.1379999999933,43.03526,34.5098700000045,35.305,44.515,58.9439999999966,62.47757,60.0799000000019,48.8492818181818,44.515,65.0041800000034,34.5098700000045
"04-29",33.1560000000006,60.3684800000045,75.90882,39.6030000000045,50.6304400000089,53.0188999999933,36.84,44.515,60.1720000000011,52.76409,58.2685999999987,51.3859390909101,52.76409,75.90882,33.1560000000006
"04-30",35.6365599999983,51.9382599999978,93.1837099999955,42.6729999999933,60.3899699999978,61.29255,37.1469999999955,43.9010000000006,62.3210000000033,44.27861,70.8249000000019,54.871505454544,51.9382599999978,93.1837099999955,35.6365599999983
"05-01",35.3357,49.9335500000011,87.5871000000045,37.4540000000022,62.1859200000022,41.1441399999978,33.77,40.8309999999992,69.075,40.2906800000001,67.2944000000002,51.3546809090916,41.1441399999978,87.5871000000045,33.77
"05-02",44.2080000000017,58.1949199999989,93.8928799999989,34.6909999999978,62.77229,43.1058700000067,42.0590000000022,46.9710000000006,42.6729999999989,53.52545,67.4785999999987,53.5974554545458,46.9710000000006,93.8928799999989,34.6909999999978
"05-03",37.7610000000006,66.2628799999989,98.4733199999966,30.3930000000045,88.4282799999911,58.7905,39.91,49.12,40.5239999999966,53.8447299999999,56.5186999999995,56.3660372727262,53.8447299999999,98.4733199999966,30.3930000000045
"05-04",43.3483999999983,65.2221500000011,91.3662700000022,33.1559999999978,84.2346600000089,55.0481699999933,42.6730000000045,49.12,58.9440000000022,61.6548100000002,65.2375,59.0913600000008,58.9440000000022,91.3662700000022,33.1559999999978
"05-05",48.8130000000017,73.6400900000022,107.499120000002,38.375,84.4127199999933,43.92863,43.5939999999911,54.9530000000003,57.1020000000011,75.20886,64.4392999999993,62.9059745454537,57.1020000000011,107.499120000002,38.375
"05-06",47.8919999999983,89.26332,98.4579699999967,38.6820000000067,84.75349,40.7941600000067,50.0410000000089,72.7589999999994,53.1109999999978,67.6873599999997,76.6886000000014,65.466354545456,67.6873599999997,98.4579699999967,38.6820000000067
"05-07",41.1380000000017,85.0267199999989,62.3117899999989,41.1379999999933,84.72586,38.6482299999978,48.5059999999978,77.6710000000006,67.2329999999989,50.6580700000001,81.9689999999994,61.7296063636352,62.3117899999989,85.0267199999989,38.6482299999978
"05-08",46.05,92.4868199999967,58.0230000000045,33.77,55.7450600000045,40.4011999999978,37.7609999999978,53.1109999999992,64.777,49.26122,85.9907000000007,56.1251818181819,53.1109999999992,92.4868199999967,33.77
"05-09",50.0409999999978,92.50217,67.4540399999956,34.3840000000022,60.1198099999933,44.3768499999978,42.6730000000045,45.7430000000003,67.68736,48.21742,76.2588000000004,57.2234045454538,50.0409999999978,92.50217,34.3840000000022
"05-10",54.9867700000017,93.0486300000045,79.82,36.2259999999978,59.9785900000089,47.9963800000022,51.8829999999933,44.2080000000003,69.37279,51.3825900000002,74.7544999999983,60.3324772727279,54.9867700000017,93.0486300000045,36.2259999999978
"05-11",46.9710000000006,60.2947999999978,77.3640000000022,40.5240000000022,51.4317099999933,44.0821300000022,40.2170000000067,49.4269999999997,78.0608900000034,51.6957300000001,76.5044000000002,56.0520600000008,51.4317099999933,78.0608900000034,40.2170000000067
"05-12",32.6954999999978,50.7777999999978,57.4090000000022,47.2780000000045,46.55348,41.3467599999978,48.1161099999933,55.26,66.90144,59.5549299999997,71.3161000000014,52.4735563636359,50.7777999999978,71.3161000000014,32.6954999999978
"05-13",33.33099,47.6740300000011,54.3389999999966,50.9619999999955,38.0342299999978,42.99228,59.9386800000067,66.3119999999997,53.1079299999989,68.5101200000002,79.4822999999982,54.0621418181813,53.1079299999989,79.4822999999982,33.33099
"05-14",35.5905100000011,51.9014200000033,81.3396500000022,53.725,48.91738,41.2362400000022,54.4648699999933,68.1540000000008,56.8318399999978,78.7608499999998,89.3370000000011,60.0235236363638,54.4648699999933,89.3370000000011,35.5905100000011
"05-15",35.305,52.2084199999989,73.68,53.4180000000045,54.0596300000089,41.7857699999978,50.5383400000022,69.6889999999994,62.8889500000011,86.7981100000002,71.4695999999992,59.2582563636375,54.0596300000089,86.7981100000002,35.305
"05-16",41.1379999999989,58.1058899999978,86.3437499999978,45.1289999999911,45.8381699999933,44.2079999999978,51.1615500000022,71.5770500000008,70.4472900000033,88.0813699999999,75.7983000000016,61.6207609090895,58.1058899999978,88.0813699999999,41.1379999999989
"05-17",45.4482800000022,54.5661800000022,99.3206399999989,52.8040000000022,62.9595600000022,50.05021,43.7597800000022,63.5489999999994,81.8461999999978,78.2420200000001,82.0610999999987,64.9642700000005,62.9595600000022,99.3206399999989,43.7597800000022
"05-18",51.7141499999978,51.2751399999978,91.8083500000022,62.935,68.74651,50.2221300000067,42.8940399999933,38.7710300000006,77.5727600000022,75.4728799999999,98.7987400000012,64.564611818182,62.935,98.7987400000012,38.7710300000006
"05-19",43.7045200000011,45.5618700000033,77.1675199999989,58.33,78.3617499999955,44.4535999999955,50.4063300000067,39.2959999999992,53.2798499999955,74.93563,98.4395499999978,60.357874545454,53.2798499999955,98.4395499999978,39.2959999999992
"05-20",48.4415299999989,46.1083299999966,71.2516300000011,54.6459999999978,84.8640100000067,40.64987,69.3328799999933,46.3569999999997,63.3433100000022,52.80093,117.765200000001,63.2327899999998,54.6459999999978,117.765200000001,40.64987
"05-21",51.6220500000006,46.4091899999989,90.0768699999989,45.7430000000045,66.8922299999933,35.1852700000067,60.8167000000067,48.1990000000008,64.1292299999978,58.6124399999999,108.113120000001,61.4362818181826,58.6124399999999,108.113120000001,35.1852700000067
"05-22",60.38997,53.87236,112.687420000003,55.8740000000022,59.4198500000089,39.3512599999933,64.1507199999955,52.8039999999994,75.75225,56.1196,104.745329999999,66.833341818182,59.4198500000089,112.687420000003,39.3512599999933
"05-23",60.5711,53.8232400000011,77.0355099999978,64.47,50.1238899999955,41.1472100000067,69.9683699999978,47.8336699999997,81.3150900000022,53.7802600000001,103.670830000001,63.9762881818184,60.5711,103.670830000001,41.1472100000067
"05-24",60.38076,52.8070700000022,61.0929999999989,66.005,52.0088700000022,42.4826599999933,59.2909100000067,57.7122822300008,88.82124,60.7522300000001,83.8816099999974,62.2941483845456,60.38076,88.82124,42.4826599999933
"05-25",60.1597200000017,51.2352299999966,77.1306800000022,66.9259999999978,52.6719899999978,39.7902700000045,65.1239099999911,55.8430728199994,99.4004599999978,67.9360300000001,69.8547800000023,64.1883766199992,65.1239099999911,99.4004599999978,39.7902700000045
"05-26",64.88752,51.7264300000022,91.2925900000011,76.4430000000045,53.12942,46.2065699999955,54.2591800000022,58.5381091600003,105.307140000002,67.5614899999997,88.8703599999999,68.9292553781825,64.88752,105.307140000002,46.2065699999955
"05-27",64.9765499999978,62.3240699999989,87.96164,73.3729999999933,59.4444100000045,44.06678,44.34001,57.9302645099989,101.807339999998,73.0567900000003,103.311639999998,70.23568131909,64.9765499999978,103.311639999998,44.06678
"05-28",82.6044900000006,71.4665300000022,85.0942599999955,78.285,75.3132399999911,50.3111600000067,64.96734,55.8340900000006,93.12845,67.0825699999999,97.4233800000019,74.6827736363635,75.3132399999911,97.4233800000019,50.3111600000067
"05-29",75.4636700000005,64.2735200000011,104.601040000004,81.0480000000045,88.0445300000022,44.0729199999955,55.0635200000045,55.7604100000006,90.72771,59.1005699999998,101.13501,74.4809909090921,75.4636700000005,104.601040000004,44.0729199999955
"05-30",64.8844499999994,66.8676699999989,115.984599999999,58.0229999999933,70.0635400000067,40.0512199999955,60.69083,71.49109,98.9307500000045,66.0664,99.7166699999984,73.8882018181814,66.8676699999989,115.984599999999,40.0512199999955
"05-31",82.3558199999994,84.37895,95.0072899999978,62.3210000000089,67.85007,57.5502200000022,62.2319699999933,69.7933799999989,91.61801,74.7084500000001,104.152819999999,77.4516345454545,74.7084500000001,104.152819999999,57.5502200000022
"06-01",92.8951300000011,82.1010099999978,99.5754500000022,74.9079999999933,82.5891399999955,67.0856400000067,60.7246000000089,74.0422600000006,106.8053,92.1061399999998,105.724660000001,85.3233936363643,82.5891399999955,106.8053,60.7246000000089
"06-02",79.97964,91.4460900000022,94.4638999999966,81.0480000000045,85.1311,69.11798,66.7878499999955,72.7160200000017,118.32087,79.7094800000004,120.442240000001,87.196651818182,81.0480000000045,120.442240000001,66.7878499999955
"06-03",77.48987,88.7475600000011,96.8554300000011,95.7840000000022,86.1135000000022,74.2418099999978,69.45568,72.3568299999978,109.979679999999,82.6321199999994,110.136249999998,87.6175209090908,86.1135000000022,110.136249999998,69.45568
"06-04",87.0314299999994,95.5598899999978,104.426049999999,76.75,97.3159299999978,54.78108,82.3803800000022,73.5572000000011,114.630729999997,78.0179100000005,114.332940000002,88.9803218181815,87.0314299999994,114.630729999997,54.78108
"06-05",89.5826000000011,94.7125699999989,95.6919000000011,73.3729999999933,82.7334300000022,56.9484999999978,93.2359,82.98824,111.68046,80.3234799999997,117.866509999998,89.0124172727266,89.5826000000011,117.866509999998,56.9484999999978
"06-06",95.34192,97.9207199999989,109.043330000001,72.145,91.36934,57.44584,82.9759599999933,93.3218599999994,124.35956,78.0762399999997,101.939349999999,91.267192727272,93.3218599999994,124.35956,57.44584
"06-07",95.4155999999983,97.8685300000022,92.6311100000022,86.9669600000022,89.12517,49.11386,84.84866,79.6143100000011,109.061750000002,86.92398,107.066250000002,88.9669254545464,89.12517,109.061750000002,49.11386
"06-08",98.82023,96.11249,113.820249999999,107.756999999996,90.0246800000022,56.1134599999955,82.3067000000022,69.3420899999994,141.361219999999,87.8971700000003,108.840710000001,95.6723636363631,96.11249,141.361219999999,56.1134599999955
"06-09",89.0361400000017,80.1976099999978,114.575469999998,84.425,61.4368399999978,60.8320500000044,90.70929,79.9397299999994,123.40786,86.17797,78.1468499999993,86.2622554545453,84.425,123.40786,60.8320500000044
"06-10",89.4812900000005,97.2944400000022,110.817790000003,85.33986,78.8222499999955,62.19206,101.451220000004,100.68372,129.62461,90.00626,93.6841199999988,94.4906927272732,93.6841199999988,129.62461,62.19206
"06-11",74.5273199999983,98.9184700000022,109.678819999999,93.78543,91.67634,57.78047,94.4424099999977,97.1593600000017,120.8966,94.1384799999999,106.872840000002,94.534230909091,94.4424099999977,120.8966,57.78047
"06-12",52.2237700000011,97.7457299999989,108.991139999998,110.231420000009,78.26658,45.66932,94.0126100000045,83.7680199999983,126.180070000003,108.47538,111.794049999999,92.4870990909101,97.7457299999989,126.180070000003,45.66932
"06-13",44.3676399999983,102.934029999998,127.37737,97.1071699999956,95.3357800000022,46.5596200000022,87.3261499999933,96.5177300000017,134.162069999999,104.42298,111.09102,95.2001418181809,97.1071699999956,134.162069999999,44.3676399999983
"06-14",52.6013800000022,93.6350000000011,114.151810000002,94.1568999999978,92.6771599999955,55.5362999999955,74.86195,98.70664,121.756199999998,105.67554,114.130320000001,92.5353818181812,94.1568999999978,121.756199999998,52.6013800000022
"06-15",51.84923,110.747179999998,115.346039999997,107.35176,94.80467,59.4935300000067,97.70582,101.902509999998,125.559930000003,110.46167,116.463519999999,99.2441690909093,107.35176,125.559930000003,51.84923
"06-16",68.5837999999983,101.604720000001,115.567080000003,103.265590000007,93.5643900000089,59.7606199999911,105.782990000004,109.887580000001,117.765199999997,96.2383599999997,119.754560000001,99.2522627272739,103.265590000007,119.754560000001,59.7606199999911
"06-17",75.5834000000017,99.1671400000022,116.577110000001,91.6701999999911,100.895549999996,51.34882,113.240019999996,109.31349,112.68128,95.1208799999999,128.574669999998,99.4702327272713,100.895549999996,128.574669999998,51.34882
"06-18",89.7268899999978,100.401280000001,132.433659999998,84.5723600000022,103.904149999996,72.7160200000045,109.734080000002,103.06297,82.05189,78.7485700000003,96.7203500000002,95.8247472727274,96.7203500000002,132.433659999998,72.7160200000045
"06-19",90.11678,102.452039999996,129.250069999999,103.69539,72.4581400000022,76.8758700000045,124.218339999998,100.73284,74.3339099999989,78.64419,102.946310000002,95.9748981818182,100.73284,129.250069999999,72.4581400000022
"06-20",89.49971,72.7712800000022,122.115389999999,105.374679999998,99.8241200000045,80.90985,118.354640000002,111.876939999999,81.5330600000045,92.0017599999997,103.864239999998,98.0114245454552,99.8241200000045,122.115389999999,72.7712800000022
"06-21",82.3404700000006,79.70948,116.402120000002,106.22814,98.49788,93.3157199999955,112.62602,115.017550000001,89.81899,89.1405200000005,107.907430000001,99.182210909091,98.49788,116.402120000002,79.70948
"06-22",92.3179700000017,93.8099899999977,133.293260000002,109.221390000007,97.1194500000022,88.6124800000045,116.976210000002,122.311869999998,113.301419999997,65.65502,111.02962,103.968061818183,109.221390000007,133.293260000002,65.65502
"06-23",91.3754799999994,95.3357800000022,135.27955,119.88043,88.4405599999978,92.3486699999933,104.880409999996,103.320849999999,112.73347,56.8103499999997,112.794869999999,101.200038181817,103.320849999999,135.27955,56.8103499999997
"06-24",84.4863999999983,107.803050000001,129.314539999996,75.6447999999955,98.2031599999955,91.2741700000045,116.675350000007,96.7449100000006,101.045980000002,88.2287299999997,122.594309999999,101.092309090909,98.2031599999955,129.314539999996,75.6447999999955
"06-25",101.110450000001,101.669189999999,134.6502,86.2823500000067,96.9751600000067,81.7602399999933,116.764379999991,98.7649700000011,109.018769999998,91.81756,120.027790000002,103.531005454545,101.110450000001,134.6502,81.7602399999933
"06-26",92.9657400000011,111.02348,133.265630000003,112.745749999993,119.103719999991,90.9579600000067,115.539450000007,105.84132,106.154460000002,95.7133900000003,110.566049999999,108.534268181819,110.566049999999,133.265630000003,90.9579600000067
"06-27",82.3496799999994,109.678820000002,132.909509999997,118.099830000004,98.8509300000089,91.3048699999978,114.207069999998,118.23491,124.414819999997,104.60104,104.272549999999,108.993093636364,109.678820000002,132.909509999997,82.3496799999994
"06-28",97.0856800000006,104.686999999999,123.466190000003,105.91807,92.0631599999933,102.51958,118.118250000002,122.293449999998,124.215270000003,114.55091,112.159380000001,110.643358181818,112.159380000001,124.215270000003,92.0631599999933
"06-29",101.095099999998,121.697870000001,123.12542,102.565629999996,104.42298,98.6452399999955,105.721589999993,119.711580000001,123.159189999999,114.96843,130.628499999999,113.249229999998,114.96843,130.628499999999,98.6452399999955
"06-30",106.301820000002,92.61883,130.342989999998,116.432820000004,105.859740000002,105.380820000002,102.937100000009,95.87303,110.860770000002,102.32617,117.427500000001,107.851053636365,105.859740000002,130.342989999998,92.61883
"07-01",104.702349999999,104.10984,132.608650000001,87.72832,110.75946,100.766610000007,97.89616,116.079770000001,117.02226,106.6825,120.47908,108.985000000001,106.6825,132.608650000001,87.72832
"07-02",110.566050000001,116.586319999996,128.98605,94.30426,111.296710000002,69.7780299999955,95.5905899999911,113.353609999999,130.51798,81.4409600000003,124.101680000001,106.956567272726,111.296710000002,130.51798,69.7780299999955
"07-03",104.74533,104.103700000003,130.404389999999,107.88901,110.526140000002,78.1468499999955,95.24982,109.648120000002,121.59656,102.20951,129.661449999999,108.561898181818,107.88901,130.404389999999,78.1468499999955
"07-04",94.12927,114.289959999998,134.591870000002,115.078949999993,110.817789999996,98.8662800000089,116.890250000002,122.815350000001,122.71711,99.0504799999999,122.71097,113.814389090909,115.078949999993,134.591870000002,94.12927
"07-05",75.4912999999989,110.587540000001,117.1205,103.2441,100.13419,95.1331599999978,110.369570000004,111.683529999999,111.741859999998,73.7751699999999,116.17494,102.314169090909,110.369570000004,117.1205,73.7751699999999
"07-06",75.7246200000011,93.98805,122.913589999997,111.308990000002,119.186609999998,85.2446899999978,107.397809999998,126.198489999999,106.123759999998,75.1229000000004,126.870820000001,104.552757272727,107.397809999998,126.870820000001,75.1229000000004
"07-07",71.7428300000011,78.5827899999978,95.2221900000022,115.993810000007,109.448570000002,73.1642399999978,115.315340000004,129.54479,124.405610000003,85.8433399999996,124.84462,102.19164818182,109.448570000002,129.54479,71.7428300000011
"07-08",61.6517399999978,78.6472600000011,73.30853,99.5140499999911,90.8290200000044,88.78133,117.092869999996,125.406430000002,107.066249999997,98.8509300000001,141.926099999998,98.4613190909078,98.8509300000001,141.926099999998,61.6517399999978
"07-09",73.55106,64.2244000000022,85.08812,105.684750000002,105.350119999996,65.2651299999977,122.265820000002,124.393329999999,118.520420000001,89.0607,129.018899000001,98.4020680909092,105.350119999996,129.018899000001,64.2244000000022
"07-10",85.77273,69.8578499999978,78.3126299999978,133.370009999998,107.710949999998,72.72523,123.58285,125.750269999999,126.474790000003,114.45881,131.131366,106.286135090909,114.45881,133.370009999998,69.8578499999978
"07-11",93.2205500000011,72.4274400000022,110.553770000003,118.523490000002,110.206860000002,73.8089400000089,123.625829999998,121.482970000001,132.80513,109.4455,138.025664999999,109.46601318182,110.553770000003,138.025664999999,72.4274400000022
"07-12",91.55354,61.8942700000011,105.221180000001,93.7516599999978,81.55148,93.39861,117.09901,126.051130000001,125.596769999998,117.246369999999,131.132594,104.045146727273,105.221180000001,131.132594,61.8942700000011
"07-13",103.70767,59.0084699999978,117.485829999998,96.2506400000067,79.21214,92.6218999999933,127.711999999996,109.101659999998,124.098609999999,105.96105,134.264608,104.493143454544,105.96105,134.264608,59.0084699999978
"07-14",106.676359999999,56.44502,126.643640000002,93.2543199999978,92.1276300000045,83.1263900000022,113.795690000009,122.139950000002,129.861,84.4157899999996,115.093993,102.143616636365,106.676359999999,129.861,56.44502
"07-15",91.7991400000022,61.7868199999978,116.171869999997,82.7180799999978,80.38181,79.6972000000022,129.587769999993,115.214029999998,114.216280000002,108.42012,125.974380000002,100.542499999999,108.42012,129.587769999993,61.7868199999978
"07-16",104.760679999998,59.1589000000045,118.719970000001,89.6532100000067,71.40513,82.8101799999978,110.774810000004,116.417470000001,104.607180000001,106.15139,132.584703999998,99.7312385454557,104.760679999998,132.584703999998,59.1589000000045
"07-17",115.502610000001,72.0928099999989,94.22751,106.099199999998,70.51176,83.8386299999955,131.982369999993,121.160619999998,107.55745,108.08549,117.72836,102.616982727271,107.55745,131.982369999993,70.51176
"07-18",109.798549999998,88.4344199999978,102.869560000001,108.573620000002,77.1705899999978,96.2230100000067,112.276040000007,124.62665,120.697049999998,111.88308,130.178438,107.521000727273,109.798549999998,130.178438,77.1705899999978
"07-19",106.58733,86.1595500000033,115.680670000001,106.384709999998,95.9068000000022,97.6566999999978,109.580579999996,124.095540000001,118.133600000002,124.92751,128.234821000002,110.304346454546,109.580579999996,128.234821000002,86.1595500000033
"07-20",92.3179700000017,76.1022299999955,132.246389999999,106.86363,102.83272,97.3190000000045,106.16674,125.099430000001,139.9684838,111.96597,129.699211,110.961979527273,106.86363,139.9684838,76.1022299999955
"07-21",92.7968899999994,78.7915500000044,126.419529999997,107.944270000002,94.4853899999955,96.65895,114.486440000007,123.914409999998,126.915734099997,96.2475700000002,131.638837,108.209051918182,107.944270000002,131.638837,78.7915500000044
"07-22",91.5965200000006,102.814299999998,128.976840000005,100.38593,110.940589999998,92.1092099999933,124.028,119.143630000001,129.562166200002,91.7101099999998,128.648963999998,110.9014782,110.940589999998,129.562166200002,91.5965200000006
"07-23",105.328629999998,98.3934999999978,115.2171,108.521429999993,103.898010000007,98.96452,123.52452,123.757840000001,101.834663,107.296500000001,121.702168000002,109.858080090909,107.296500000001,123.757840000001,98.3934999999978
"07-24",112.533920000002,106.24963,117.05296,115.045180000007,107.830679999991,105.003210000004,126.49935,127.724279999998,75.5404199999967,112.097979999999,132.848109999999,112.584156363636,112.533920000002,132.848109999999,75.5404199999967
"07-25",115.214029999998,111.711160000001,113.372029999998,106.111479999996,99.0627600000045,103.271729999996,124.93672,117.384520000001,95.1577200000022,102.915609999999,109.830478000001,108.997112545454,109.830478000001,124.93672,95.1577200000022
"07-26",118.6555,99.1732800000022,122.990339999999,80.75942,104.86813,104.920319999998,120.91195,108.536779999999,72.6362000000011,114.771950000001,112.975999999998,105.563624545454,108.536779999999,122.990339999999,72.6362000000011
"07-27",112.015090000002,87.1419499999966,116.954720000001,110.602889999996,97.28523,104.923390000007,129.6461,98.7618999999994,84.1179999999978,114.56319,125.21302,107.384134545454,110.602889999996,129.6461,84.1179999999978
"07-28",109.700309999998,87.76516,116.279320000002,86.6814500000089,99.5631700000045,118.207280000002,117.76213,110.707269999999,74.9172100000034,110.63052,120.546006000001,104.796347818184,110.63052,120.546006000001,74.9172100000034
"07-29",101.834969999999,106.185160000001,116.113539999998,73.7383299999978,82.5983499999933,112.555409999991,114.89475,100.22322,85.9200899999966,113.682099999999,119.384011,102.466357363634,106.185160000001,119.384011,73.7383299999978
"07-30",111.367320000002,106.888189999999,118.858120000001,89.9387199999955,56.7520199999978,106.384710000009,128.85404,104.883480000001,95.09632,118.621730000001,123.990853,105.603227545455,106.888189999999,128.85404,56.7520199999978
"07-31",115.43814,108.770100000001,114.563189999997,84.8701500000022,56.5432600000022,110.080989999993,127.43877,104.376929999999,94.2981200000033,111.084879999999,118.428627,104.172105181818,110.080989999993,127.43877,56.5432600000022
"08-01",114.759669999999,111.12786,117.903350000003,97.3589100000022,59.2755600000067,114.326800000004,123.45698,98.2031600000022,113.147919999999,92.9442499999994,124.942245999999,106.131518727274,113.147919999999,124.942245999999,59.2755600000067
"08-02",108.865269999999,114.182509999999,89.37077,107.121509999996,69.996,116.95779,119.46905,112.64444,94.9489599999966,107.40088,126.041613000002,106.090799363636,108.865269999999,126.041613000002,69.996
"08-03",96.2414300000011,97.9698400000034,120.786079999997,95.79935,74.1497099999955,113.731219999998,115.41972,91.5811699999983,108.991140000003,109.23674,127.09493,104.636484545454,108.991140000003,127.09493,74.1497099999955
"08-04",113.292210000001,102.07136,117.03454,86.3775200000067,78.7823400000022,106.105339999996,106.8667,100.428910000001,100.232429999997,116.696840000001,120.295186999999,104.380307,106.105339999996,120.295186999999,78.7823400000022
"08-05",90.1751099999978,111.266010000001,116.589390000004,87.0682699999955,89.2940199999978,112.662860000009,110.36343,98.0957099999989,104.889620000002,112.411119999999,132.444405,105.932722272728,110.36343,132.444405,87.0682699999955
"08-06",112.850130000001,106.418479999998,117.780549999998,97.1777800000022,91.2649599999978,116.214849999993,116.12582,81.1186100000017,93.87446,119.53966,119.439884999999,106.527744090908,112.850130000001,119.53966,81.1186100000017
"08-07",97.80713,115.54252,123.107,88.8273800000022,87.1358099999978,112.813290000002,114.67985,83.2338399999983,104.742260000002,125.302050000001,129.329583,107.501883,112.813290000002,129.329583,83.2338399999983
"08-08",110.26826,112.214639999998,121.289559999999,93.0117899999911,88.7721200000067,121.169829999998,110.83621,60.1198100000017,108.312669999996,96.7449100000003,129.890471999999,104.784570181817,110.26826,129.890471999999,60.1198100000017
"08-09",104.373859999999,111.846240000001,124.752520000001,75.9610100000022,91.6333600000022,117.105149999998,113.32291,64.3871099999983,103.308570000003,116.10433,133.157259000003,105.086574454546,111.846240000001,133.157259000003,64.3871099999983
"08-10",85.1004000000005,110.262120000001,117.283210000002,102.15732,88.9778099999933,103.145860000009,119.81903,74.72687,111.683529999997,108.180659999999,123.056651999999,104.035769272727,108.180659999999,123.056651999999,74.72687
"08-11",101.84725,113.504040000001,123.162259999996,92.2228000000022,95.9651300000045,102.556419999991,116.82578,70.6499100000011,113.811040000001,113.157130000001,130.193481,106.717749181818,113.157130000001,130.193481,70.6499100000011
"08-12",100.493379999999,110.876119999999,112.31288,102.221790000004,89.8681099999955,107.379390000002,106.25884,91.8052799999994,111.49319,121.03782,135.118988999999,108.078708090909,107.379390000002,135.118988999999,89.8681099999955
"08-13",100.32453,115.720580000001,118.70462,71.5524899999955,98.81716,106.98643,122.71097,68.0772499999989,116.088980000001,114.22856,131.619189,105.893705363636,114.22856,131.619189,68.0772499999989
"08-14",112.98828,110.54149,104.251060000004,102.504229999996,95.1914900000045,114.004450000007,118.91645,91.7101100000022,109.064819999999,125.053379999999,137.088087000001,111.028531545456,110.54149,137.088087000001,91.7101100000022
"08-15",106.249630000002,119.81596,118.554189999993,96.1800300000045,87.9524299999978,118.342359999998,127.26378,91.8666799999983,94.9029099999989,118.44367,129.602505999999,109.924922363636,118.342359999998,129.602505999999,87.9524299999978
"08-16",97.5645999999994,105.399239999999,106.034730000004,102.924820000004,103.833540000002,108.235919999998,117.17883,86.15341,95.0103600000011,126.069550000001,132.761536000001,107.378776000001,105.399239999999,132.761536000001,86.15341
"08-17",85.60388,103.888799999999,107.33334,107.60964,100.751260000002,107.941199999998,104.09756,93.5889499999994,114.538629999999,117.304699999999,128.945526,106.509407818182,107.33334,128.945526,85.60388
"08-18",108.693349999999,107.935060000001,113.666749999995,109.086309999996,102.191089999991,95.7471600000023,105.72466,100.714420000002,110.879190000002,115.078950000001,129.044379999999,108.978301818181,108.693349999999,129.044379999999,95.7471600000023
"08-19",84.7627,116.095119999998,118.781370000002,97.6536299999955,101.675330000002,86.48804,109.33498,105.580369999998,84.6337600000011,120.85055,142.068855000001,106.174973181818,105.580369999998,142.068855000001,84.6337600000011
"08-20",94.4792499999994,94.4700400000034,111.014269999998,106.691710000009,102.350729999998,93.7946400000022,108.66879,100.96309,90.4022899999989,121.16676,124.154790999999,104.377851000001,102.350729999998,124.154790999999,90.4022899999989
"08-21",105.957980000001,118.428320000001,96.7725400000022,109.224459999991,83.9368700000067,114.118039999993,106.01631,106.45225,89.7053999999978,119.558080000001,123.300103000002,106.679123,106.45225,123.300103000002,83.9368700000067
"08-22",108.122330000001,109.206039999999,107.757,77.0293700000022,82.8623700000022,112.37428,109.98889,104.011600000001,93.0793300000022,107.723229999999,128.228680999998,103.671192818182,107.757,128.228680999998,77.0293700000022
"08-23",112.25762,106.651799999999,105.307140000002,85.6806299999978,87.2616799999933,117.07138,119.8835,104.733050000002,92.83066,120.21506,121.559720000001,106.677476363636,106.651799999999,121.559720000001,85.6806299999978
"08-24",88.0782999999989,114.664500000002,103.152000000004,87.2494,84.3543900000045,104.26027,100.08814,99.32985,101.22404,117.184970000001,134.102511999998,103.062579272728,101.22404,134.102511999998,84.3543900000045
"08-25",103.062969999999,115.171049999996,113.482549999991,84.0228300000045,96.7387699999978,106.043940000004,86.12578,103.775209999999,110.351149999999,117.313909999999,133.410227000001,106.318035181817,106.043940000004,133.410227000001,84.0228300000045
"08-26",100.029810000001,113.197040000003,109.820040000009,92.6925100000045,69.7227700000045,116.709120000002,83.69434,108.447750000001,107.82761,113.64219,121.033521999999,103.346972909093,108.447750000001,121.033521999999,69.7227700000045
"08-27",110.209929999999,115.582430000001,113.768059999991,91.8236999999911,62.4530099999933,110.780950000002,108.16838,117.249439999999,110.652010000003,120.030860000001,110.481318000001,106.472735272726,110.652010000003,120.030860000001,62.4530099999933
"08-28",111.373460000001,114.735109999997,103.744510000009,96.20459,65.6396700000045,100.048229999995,101.3714,108.25741,101.135009999998,123.595129999999,128.908072,105.001144727273,103.744510000009,128.908072,65.6396700000045
"08-29",113.70052,111.852380000001,112.426469999993,100.229360000009,71.8257199999955,110.412549999996,111.32741,108.985000000001,101.088960000002,109.178410000001,103.068188999998,104.917724454545,109.178410000001,113.70052,71.8257199999955
"08-30",98.9276799999983,102.553349999998,107.419300000002,110.48009,73.5817600000045,107.54824,87.3936899999999,105.426869999999,102.42134,123.294269999999,113.438342000002,102.953175636364,105.426869999999,123.294269999999,73.5817600000045
"08-31",110.133180000002,117.81432,101.395959999998,100.622319999991,70.0819599999933,116.276250000007,97.81327,103.277870000002,108.71484,116.11354,113.586622999998,105.075466636363,108.71484,117.81432,70.0819599999933
"09-01",103.10595,107.124580000002,109.132359999998,94.5099500000045,66.312,93.39861,95.0656200000001,108.687209999998,104.051509999997,113.491760000001,103.823102000001,99.8820592727273,103.823102000001,113.491760000001,66.312
"09-02",96.9475299999984,109.758640000002,104.263340000004,102.565629999998,85.63458,96.6221100000022,104.81901,111.324340000002,100.625389999999,120.239619999999,120.868355999998,104.878958727273,104.263340000004,120.868355999998,85.63458
"09-03",103.922570000001,104.48745,97.3926799999955,89.9724900000045,95.40332,108.140749999991,102.97701,109.209109999999,103.554170000003,124.97663,113.649250999999,104.880493727272,103.922570000001,124.97663,89.9724900000045
"09-04",104.690069999999,105.230389999999,101.138080000002,115.932409999996,82.1378500000067,91.7592300000022,103.29629,108.653440000001,104.361580000001,116.20564,119.268579000002,104.788505363637,104.690069999999,119.268579000002,82.1378500000067
"09-05",109.537599999999,109.144640000001,103.145860000004,100.128050000004,60.7430199999978,107.207469999998,107.30571,107.333339999998,92.2166599999955,113.476410000001,113.619472000001,102.168930181818,107.30571,113.619472000001,60.7430199999978
"09-06",110.182300000001,99.0136399999989,103.185769999998,97.09182,67.3128199999955,106.885120000004,107.52982,107.339480000001,71.9945700000034,111.186190000001,114.551217000001,99.6611588181821,106.885120000004,114.551217000001,67.3128199999955
"09-07",103.19805,85.0942600000011,79.18451,99.1579299999933,68.6145000000022,106.89126,91.3478499999997,106.191299999999,85.13417,104.389209999999,115.628786999999,94.984711545454,99.1579299999933,115.628786999999,68.6145000000022
"09-08",99.0504800000011,84.5416599999978,97.6996800000022,113.485620000004,79.1200400000045,100.431979999998,107.02327,102.30161,88.24408,107.889009999999,64.3527260000011,94.9218323636372,99.0504800000011,113.485620000004,64.3527260000011
"09-09",98.7864599999983,99.79956,91.4000400000067,87.5349100000022,73.9563,103.142789999998,102.636239999999,105.899650000001,95.64892,93.2113400000006,50.7627570000011,91.1617242727279,95.64892,105.899650000001,50.7627570000011
"09-10",103.11823,89.2264799999989,87.2770299999955,72.23403,55.1586899999933,100.920110000004,102.64852,111.416439999998,101.14422,88.3361799999997,49.4610769999984,87.3582733636353,89.2264799999989,111.416439999998,49.4610769999984
"09-11",107.6649,95.86996,91.8851000000045,43.21639,55.05124,104.73612,106.6211,109.813900000001,102.998499999999,109.540670000001,56.1555190000007,89.4139453636369,102.998499999999,109.813900000001,43.21639
"09-12",102.172670000001,95.4555099999989,68.42109,40.86784,44.3922000000089,105.700099999998,104.994,106.056219999999,99.1302999999989,92.6372499999995,70.5031639999969,84.5754858181818,95.4555099999989,106.056219999999,40.86784
"09-13",105.908860000001,100.266200000001,44.6163099999933,58.9931200000022,54.1302399999955,109.970470000004,77.6495100000003,99.7166700000017,101.951630000002,100.275410000001,84.2847010000002,85.251192818182,99.7166700000017,109.970470000004,44.6163099999933
"09-14",102.461249999999,77.1951499999989,75.9702200000044,45.9824599999955,55.9016299999955,103.79363,93.6564899999997,109.635839999998,106.489090000001,108.880619999999,92.7987320000007,88.4331919999994,93.6564899999997,109.635839999998,45.9824599999955
"09-15",103.953269999999,61.7714700000011,75.4084099999955,43.2869999999955,57.0252500000089,107.136859999998,76.75614,104.840500000002,102.940169999998,107.46535,95.1267130000011,85.0646484545453,95.1267130000011,107.46535,43.2869999999955
"09-16",99.1180200000006,56.2915200000033,72.2923600000045,37.1470000000067,66.8615299999933,97.1532199999978,90.0584500000003,107.689459999999,105.439150000001,109.694169999999,96.7280249999986,85.3157186363641,96.7280249999986,109.694169999999,37.1470000000067
"09-17",102.703780000001,72.20333,65.41863,42.4550299999955,87.1941400000045,98.6636600000045,101.56174,93.8099900000006,106.897399999998,100.189450000001,97.5741170000005,88.0610242727277,97.5741170000005,106.897399999998,42.4550299999955
"09-18",95.2958699999989,72.7160199999989,71.3130299999977,49.5651499999978,77.3824199999933,103.23182,94.6266099999999,97.08875,102.900259999999,107.87059,101.905272999998,88.5359811818167,95.2958699999989,107.87059,49.5651499999978
"09-19",101.75515,81.0326499999978,82.57072,55.8678600000089,81.7602400000022,100.247779999998,96.64053,100.33988,101.196410000002,101.257809999999,99.6116760000022,91.1164278181828,99.6116760000022,101.75515,55.8678600000089
"09-20",105.156710000001,75.0584300000011,85.18329,52.2575399999911,80.34804,99.7811399999978,94.35031,106.513649999999,76.80833,111.06646,102.89767813,89.9474161936354,94.35031,111.06646,52.2575399999911
"09-21",97.1348000000006,79.0064500000011,73.7628900000022,48.5336300000022,81.8216400000067,114.449600000002,89.1159599999997,101.125800000001,95.5077000000022,105.16592,96.4352391000006,89.2781481000017,95.5077000000022,114.449600000002,48.5336300000022
"09-22",88.2072400000005,68.4579299999966,81.2045699999955,59.8557900000067,75.64173,91.6609899999955,94.6757300000006,91.8851,86.83495,98.8785600000003,99.3233784399986,85.1478153127268,88.2072400000005,99.3233784399986,59.8557900000067
"09-23",77.8920399999994,79.3195900000045,76.8267500000089,57.7712599999911,73.9532299999911,103.449790000007,91.9250099999999,81.7326099999989,100.83722,96.1370499999997,107.13613241,86.0891529463636,81.7326099999989,107.13613241,57.7712599999911
"09-24",93.0424899999994,83.7004799999955,76.4644899999911,43.7168000000022,73.61553,86.9147699999978,92.52673,63.6104000000017,96.64974,99.4680000000006,93.5889254399993,82.1180323127261,86.9147699999978,99.4680000000006,43.7168000000022
"09-25",97.8501100000006,85.4166100000023,72.5778700000045,48.9112400000045,85.27539,107.053969999998,98.8724200000001,64.19063,87.2954499999978,110.787089999999,98.9308083300049,87.0146898481829,87.2954499999978,110.787089999999,48.9112400000045
"09-26",94.7187099999989,91.8206300000011,52.3772699999977,44.6899899999955,85.7358900000022,98.5255099999978,89.2970899999997,72.5502399999994,94.7002899999978,108.91439,91.4246153499984,84.0686023045444,91.4246153499984,108.91439,44.6899899999955
"09-27",104.769890000002,79.77395,47.15827,66.3457699999978,81.10019,106.912750000002,89.6439999999999,60.5803099999989,88.7567700000045,100.478030000001,88.7971865500016,83.1197378681825,88.7567700000045,106.912750000002,47.15827
"09-28",96.4379099999995,94.6081899999967,62.3210000000044,50.84841,81.32737,97.9483500000022,90.258,53.73728,85.7665899999966,87.7590199999995,86.4533735599984,80.678681232727,86.4533735599984,97.9483500000022,50.84841
"09-29",91.8451900000005,74.8773,64.7278799999933,51.4439900000089,63.96345,85.42275,80.5230300000004,55.8739999999994,81.92295,100.23857,101.529713759999,77.4880748872729,80.5230300000004,101.529713759999,51.4439900000089
"09-30",90.0676599999989,86.5832100000044,60.1597200000023,46.4521699999978,54.8394100000067,89.4905,89.7913599999997,55.8740000000022,83.7895099999989,101.092029999999,105.144405440001,78.4803614036374,86.5832100000044,105.144405440001,46.4521699999978
"10-01",97.2115500000006,89.7882900000033,57.3752300000067,50.28353,60.3654099999955,82.83474,88.3453899999997,54.9529999999989,80.8515200000045,81.4624500000006,82.71523718,75.1078497436372,81.4624500000006,97.2115500000006,50.28353
"10-02",92.51445,89.82513,53.2798499999911,62.4929199999933,44.0268700000022,82.2759999999978,84.6890200000001,56.795,70.7911299999989,85.5394099999989,76.30015597,72.5936305427257,76.30015597,92.51445,44.0268700000022
"10-03",91.5167000000006,85.7297500000011,62.4345900000045,54.3236500000089,58.7843599999978,74.6009999999978,87.1603700000003,54.9529999999989,77.99642,64.4515800000006,81.87820168,72.1663292436373,74.6009999999978,91.5167000000006,54.3236500000089
"10-04",91.2711,75.2549099999989,56.2823100000045,38.27062,52.6996200000022,74.9080000000045,75.0860600000001,49.7340000000022,74.5058299999966,84.6798100000003,89.72043379,69.3102448900008,74.9080000000045,91.2711,38.27062
"10-05",79.1998599999983,81.9076000000011,43.3238399999911,34.5927599999933,61.8758499999977,87.1880000000045,70.5148299999997,47.8919999999983,72.2585900000045,89.2141999999995,86.61884349,68.5987612263625,72.2585900000045,89.2141999999995,34.5927599999933
"10-06",90.25493,73.8949000000022,49.4607700000067,39.09031,59.7974599999978,67.8469999999955,73.8212199999998,50.9620000000011,58.1243099999989,72.1327200000009,88.82183251,65.837041137273,67.8469999999955,90.25493,39.09031
"10-07",75.7062000000005,70.3214199999978,40.2139300000022,49.1292099999978,65.4278400000022,62.0140000000022,51.2966300000001,49.12,55.6713799999989,79.4608099999991,90.15233981,62.5921599827274,62.0140000000022,90.15233981,40.2139300000022
"10-08",71.7765999999989,64.3594800000011,41.92392,47.2780000000045,62.9503500000022,54.6459999999978,66.2997200000001,48.1989999999994,55.4012200000022,69.4955899999997,87.75598377,60.9168967063642,62.9503500000022,87.75598377,41.92392
"10-09",66.6865400000033,57.57785,48.39241,37.7609999999978,49.9949499999933,71.2240000000022,63.9757299999996,46.05,51.5452999999978,59.1005700000008,80.1757209,57.4985518999995,57.57785,80.1757209,37.7609999999978
"10-10",66.5330399999978,54.9284400000011,48.73932,54.6459999999978,41.6752500000022,68.7679999999933,75.0584300000006,36.5329999999989,45.3439,35.36333,87.23107824,55.8927080218174,54.6459999999978,87.23107824,35.36333
"10-11",58.4650800000022,61.4,42.31381,39.2960000000089,59.7821099999978,74.6010000000089,56.5125599999999,34.3840000000022,35.9957499999978,32.3485899999994,82.1246275100001,52.4748661372743,56.5125599999999,82.1246275100001,32.3485899999994
"10-12",54.3389999999966,54.6459999999978,41.73358,39.91,48.3586400000067,69.6889999999911,55.4227100000001,31.3139999999994,40.5240000000022,44.8404200000001,80.03924098,50.9833264527267,48.3586400000067,80.03924098,31.3139999999994
"10-13",45.1290000000022,55.5670000000011,41.93006,45.1289999999911,40.4933,66.3120000000067,46.52892,35.305,39.2959999999978,50.7133300000008,79.59542029,49.6362754809091,45.1290000000022,79.59542029,35.305
"10-14",51.5759999999978,60.4789999999966,44.65008,40.8310000000089,42.1971499999933,75.5219999999955,62.5205499999996,43.2869999999983,41.1380000000045,37.22068,78.6290088500001,52.5500426227268,44.65008,78.6290088500001,37.22068
"10-15",51.5821400000022,65.3910000000033,48.6288000000045,30.0859999999978,55.56393,67.54,71.2178599999999,48.5060000000006,42.0589999999966,44.515,69.38794966,54.0434254236368,51.5821400000022,71.2178599999999,30.0859999999978
"10-16",60.53426,58.9439999999966,49.81382,37.4540000000022,52.3158700000022,58.9440000000022,59.4536200000001,42.98,38.9890000000022,43.9009999999992,63.3639281199999,51.5175907381822,52.3158700000022,63.3639281199999,37.4540000000022
"10-17",54.0627000000011,53.725,51.02033,40.5239999999911,47.8428799999978,56.4880000000045,50.75938,45.4360000000006,40.8309999999978,48.5060000000006,58.7088011600001,49.8094628327267,50.75938,58.7088011600001,40.5239999999911
"10-18",57.4581199999955,44.515,51.8400199999977,36.2260000000089,46.8451300000045,70.61,47.05082,41.1379999999989,40.5240000000022,43.2869999999997,61.79506295,49.208104813637,46.8451300000045,70.61,36.2260000000089
"10-19",42.98,45.1290000000022,46.9679299999933,36.84,49.97653,63.2419999999955,60.1259500000001,42.3660000000006,39.91,42.0589999999994,53.7730086599999,47.5790380599992,45.1290000000022,63.2419999999955,36.84
"10-20",50.5598300000034,50.0409999999978,43.3484,36.84,53.7741199999978,45.4359999999978,55.7757600000003,45.1289999999994,40.5239999999966,43.2870000000011,56.16213792,47.3524770836358,45.4359999999978,56.16213792,36.84
"10-21",48.4752999999978,42.0590000000022,44.27247,37.7609999999978,52.4970000000067,45.4359999999978,49.81382,40.2170000000011,40.8310000000033,44.515,53.7263937799999,45.4185439800006,44.515,53.7263937799999,37.7609999999978
"10-22",45.9210600000011,46.3570000000011,50.01644,35.9190000000022,36.84,41.7520000000067,49.5221699999994,40.8310000000006,39.91,49.12,67.8284664100001,45.8197396736374,45.9210600000011,67.8284664100001,35.9190000000022
"10-23",41.1379999999989,48.1989999999966,47.45913,36.5329999999933,46.9709999999978,42.98,55.0174700000004,42.98,42.0589999999966,39.91,42.0577965599999,44.1185815054531,42.98,55.0174700000004,36.5329999999933
"10-24",42.6729999999989,43.2870000000011,39.4157300000089,35.305,43.9009999999978,42.98,51.66196,46.05,40.8310000000033,31.0069999999983,30.13107374,40.6584330672735,42.6729999999989,51.66196,30.13107374
"10-25",52.4233200000045,41.445,33.69325,34.0770000000067,50.9619999999955,42.3659999999978,47.64026,39.2960000000006,38.6820000000011,37.7610000000006,35.83800112,41.2894391927279,39.2960000000006,52.4233200000045,33.69325
"10-26",37.5092599999989,38.9767200000011,36.22293,36.5329999999933,52.4970000000067,41.445,45.7429999999996,49.7339999999994,35.305,34.9980000000017,34.6837333099999,40.3316039372728,37.5092599999989,52.4970000000067,34.6837333099999
"10-27",37.9329200000011,37.3097099999988,39.27758,38.6820000000067,32.8490000000022,33.1559999999978,47.2780000000003,29.165,36.5329999999989,42.98,36.22654646,37.3990687690914,37.3097099999988,47.2780000000003,29.165
"10-28",35.6519099999967,37.5491700000033,43.14578,38.0679999999933,38.9889999999911,44.8220000000067,47.2780000000003,33.4629999999989,41.445,39.6029999999989,42.2125,40.2024872727263,39.6029999999989,47.2780000000003,33.4629999999989
"10-29",39.9806100000011,41.8778699999978,41.15028,37.1470000000067,43.2870000000067,44.8219999999955,47.585,34.9980000000017,43.2870000000011,39.91,40.24430765,41.299006150001,41.15028,47.585,34.9980000000017
"10-30",36.1738100000022,38.4149100000011,39.37275,34.3839999999911,43.2869999999955,30.7,48.8129999999996,39.2959999999978,40.5239999999966,36.84,34.9477133999999,38.4321075818167,38.4149100000011,48.8129999999996,30.7
"10-31",38.54692,35.7163799999967,42.15417,34.0770000000067,38.375,42.0590000000022,46.05,37.4540000000022,37.4540000000022,39.2960000000006,36.6905769600001,38.8975497236373,38.375,46.05,34.0770000000067
"11-01",42.29232,32.8305800000044,33.09767,33.1559999999978,39.91,39.91,38.375,34.6909999999978,34.3839999999966,38.6819999999983,37.60903807,36.812509824545,37.60903807,42.29232,32.8305800000044
"11-02",38.96444,32.1705299999956,40.54856,34.3840000000022,42.0590000000022,42.0590000000022,43.9009999999999,37.4540000000022,38.0680000000045,34.0770000000011,38.38785716,38.3703079236373,38.38785716,43.9009999999999,32.1705299999956
"11-03",35.37254,31.7038900000044,43.25016,39.6029999999933,39.2959999999978,39.2959999999978,38.375,34.0769999999983,39.91,37.1470000000011,36.44981221,37.6800365645448,38.375,43.25016,31.7038900000044
"11-04",39.90386,31.4920599999978,41.72744,45.16277,38.6820000000067,38.6820000000067,41.7520000000004,40.2170000000011,33.77,42.3659999999978,39.9776935,39.4302566818191,39.9776935,45.16277,31.4920599999978
"11-05",35.21683881,34.18839802,42.9314019,40.6805700000045,39.2959999999978,39.2959999999978,43.5940000000001,43.2869999999983,40.5239999999966,40.2170000000011,48.0755552999999,40.6642512754542,40.5239999999966,48.0755552999999,34.18839802
"11-06",37.27901,38.57148,36.36415,31.0622600000022,35.305,35.305,47.2779999999996,37.1470000000011,39.91,38.375,51.9846446299999,38.9619586027275,37.27901,51.9846446299999,31.0622600000022
"11-07",42.06514,38.72805,37.28208,28.68608,34.0769999999955,34.0769999999955,49.4270000000004,34.6910000000006,38.0679999999989,33.4629999999989,33.39728051,36.7237845918173,34.6910000000006,49.4270000000004,28.68608
"11-08",41.92392,38.84164,39.59072,29.6838300000022,37.1470000000067,37.1470000000067,37.7609999999992,36.84,33.1560000000033,38.9890000000022,31.97277902,36.6411717290928,37.1470000000067,41.92392,29.6838300000022
"11-09",39.73501,27.24625,39.32977,41.8533099999955,35.6119999999955,35.6119999999955,40.5240000000008,37.4539999999994,35.9189999999967,40.2169999999983,32.35237531,36.8958832099984,37.4539999999994,41.8533099999955,27.24625
"11-10",30.73684,37.44172,40.4319,45.9885999999955,36.84,36.84,39.91,36.5329999999989,39.91,38.6820000000011,38.9389620700001,38.3866383699996,38.6820000000011,45.9885999999955,30.73684
"11-11",31.96484,36.42862,39.39424,35.7716400000045,35.6119999999955,35.6119999999955,49.7339999999994,36.5330000000017,37.1470000000011,39.6029999999989,43.7681119799999,38.3244047254542,36.5330000000017,49.7339999999994,31.96484
"11-12",34.18752,30.06144,39.65519,34.1107700000045,35.9190000000022,35.9190000000022,45.4360000000006,37.1469999999983,38.375,39.91,31.6327243300001,36.5776040300007,35.9190000000022,45.4360000000006,30.06144
"11-13",35.98961,36.64045,39.00435,31.6025799999911,38.0680000000045,38.0680000000045,44.2080000000003,43.9010000000006,50.8014390000011,39.9437700000006,40.06642264,39.8448746945457,39.00435,50.8014390000011,31.6025799999911
"11-14",36.32731,35.9804,39.43108,35.43701,28.5509999999978,28.5509999999978,45.7276499999989,40.2170000000011,37.3404099999989,42.8264999999995,40.2691347399998,37.3325904309085,37.3404099999989,45.7276499999989,28.5509999999978
"11-15",37.51847,36.72641,37.35269,40.6744300000067,39.91,39.91,40.20779,35.6119999999983,38.3903500000033,36.9750800000011,34.9375701200001,38.0195263745463,37.51847,40.6744300000067,34.9375701200001
"11-16",36.54835,35.49227,38.1294,37.6136400000022,36.5330000000045,36.5330000000045,41.71823,35.305,36.1768799999978,33.1928399999989,36.4060432200001,36.6953321109098,36.5330000000045,41.71823,33.1928399999989
"11-17",36.57598,33.69632,38.2829,36.1277599999978,47.8367399999933,47.8367399999933,41.83489,39.6030000000017,33.87745,37.3158500000011,39.1065103900001,39.2812854899988,38.2829,47.8367399999933,33.69632
"11-18",30.99165,31.10831,39.97447,37.81319,39.9407000000022,39.9407000000022,35.6212100000003,42.6729999999989,39.3144200000022,43.154989999999,47.1339248999998,38.8787786272731,39.9407000000022,47.1339248999998,30.99165
"11-19",35.63042,32.64024,40.81258,35.1422899999933,30.3316,30.3316,34.1169100000005,40.2170000000011,39.6643999999989,45.3561799999994,32.3716702600002,36.0558991145449,35.1422899999933,45.3561799999994,30.3316
"11-20",35.91286,36.72948,39.63984,36.31503,34.8844099999978,34.8844099999978,42.6791399999994,34.6910000000006,40.4257599999978,33.0546900000016,38.3748710599998,37.053771914545,36.31503,42.6791399999994,33.0546900000016
"11-21",36.69264,39.56309,38.82936,31.07147,37.6044300000045,37.6044300000045,44.87112,39.2161799999994,33.3002899999989,34.3041799999995,35.1383911,37.1086891909097,37.6044300000045,44.87112,31.07147
"11-22",39.17627,36.1032,39.28372,29.54261,41.5432399999933,41.5432399999933,32.83979,38.0802799999983,39.32363,39.3543299999988,37.1120112099999,37.6274837463622,39.17627,41.5432399999933,29.54261
"11-23",39.07496,32.16439,39.52932,38.8569900000089,32.3639400000045,32.3639400000045,33.63185,38.9214600000022,43.7444300000022,39.1302200000001,37.6062106000003,37.0352464181839,38.8569900000089,43.7444300000022,32.16439
"11-24",35.70717,36.55756,39.70431,34.83836,40.6698250000045,40.6698250000045,37.59829,41.3958799999978,36.5145800000011,38.8293600000016,37.3730133999998,38.1689248545463,37.59829,41.3958799999978,34.83836
"11-25",35.74094,35.04405,37.85617,34.4454,38.3320199999978,38.3320199999978,38.23992,40.7726700000023,33.4108099999966,44.0514299999995,35.3894741199999,37.4195367381813,37.85617,44.0514299999995,33.4108099999966
"11-26",39.86395,32.79681,36.6865,38.89997,43.14578,43.14578,35.46464,37.3219899999994,35.9036500000011,39.2929299999989,39.4693045700002,38.36284587,38.89997,43.14578,32.79681
"11-27",35.82997,35.63963,37.11937,35.08089,32.6463799999978,32.6463799999978,39.22232,37.0303399999983,41.4941200000033,37.0334100000011,40.8051905099998,36.7770909554544,37.0303399999983,41.4941200000033,32.6463799999978
"11-28",36.03566,35.17913,37.32813,36.10013,32.9871500000045,32.9871500000045,38.90611,39.6644000000022,40.1617399999966,32.83672,33.1106622400003,35.9360892945462,36.03566,40.1617399999966,32.83672
"11-29",39.61835,35.13308,39.64291,36.03873,37.761,37.761,33.58273,41.7090199999983,34.7493300000022,37.70267,32.6116982100001,36.9373198372728,37.70267,41.7090199999983,32.6116982100001
"11-30",34.79231,36.28433,38.42105,34.16296,35.0716799999955,35.0716799999955,27.16643,40.5946100000017,36.63431,35.73173,41.7357228599999,35.9697102599993,35.73173,41.7357228599999,27.16643
"12-01",32.67094,34.02174,36.51458,32.85207,43.0598200000045,43.0598200000045,38.73112,36.12776,36.75404,32.6709399999999,37.30933853,36.7065607754554,36.51458,43.0598200000045,32.6709399999999
"12-02",32.92268,32.25649,39.67054,35.30193,30.7184199999955,30.7184199999955,37.99432,36.56677,37.4847,33.27573,35.10956687,34.7290515336355,35.10956687,39.67054,30.7184199999955
"12-03",37.27901,32.90119,43.25016,35.09317,33.2266099999955,33.2266099999955,34.85064,39.296,37.28208,37.74872,36.3180079,36.4065634454537,36.3180079,43.25016,32.90119
"12-04",37.98511,35.99268,40.79723,35.56595,32.56656,32.56656,38.90304,39.12715,37.13779,35.8146199999999,40.16132555,36.9652741409091,37.13779,40.79723,32.56656
"12-05",37.51233,36.23521,37.85003,31.53811,35.75322,35.75322,41.13493,39.50476,37.42944,36.49309,37.65541656,36.9872505963636,37.42944,41.13493,31.53811
"12-06",37.43558,36.58212,34.03402,34.17217,37.26059,37.26059,38.1601,40.22928,37.02113,38.96751,38.0395682183333,37.1966052925758,37.26059,40.22928,34.03402
"12-07",36.01724,33.95727,38.1815899999933,33.77921,37.42944,37.42944,33.88973,40.93231,33.66562,38.44868,39.38256172,36.6466447018176,37.42944,40.93231,33.66562
"12-08",32.70471,34.4147,39.67361,33.72702,38.37807,38.37807,38.13554,37.44479,34.64802,36.95666,35.75510805,36.3832998227273,36.95666,39.67361,32.70471
"12-09",31.60872,31.54425,44.8527000000067,34.40242,39.4495,39.4495,38.53771,36.49002,37.19305,35.57516,36.08839953,36.8355845027279,36.49002,44.8527000000067,31.54425
"12-10",31.49206,39.24381,35.0594,33.98797,35.75322,35.75322,36.06022,38.40263,42.23706,31.70696,37.49319469,36.1081586081818,35.75322,42.23706,31.49206
"12-11",36.7479,40.95994,33.01785,35.91286,33.35555,33.35555,40.87398,38.84778,42.72826,29.8404000000001,35.65857497,36.4816949972727,35.91286,42.72826,29.8404000000001
"12-12",36.49923,37.30357,42.7343999999911,34.23971,35.97733,35.97733,40.79416,40.24156,36.7786,32.14597,36.5506525,37.2038647727265,36.5506525,42.7343999999911,32.14597
"12-13",37.18077,35.63042,39.5753700000067,36.42248,33.90508,33.90508,37.6689,40.73276,34.0463,36.9535899999999,36.92641436,36.6315603963642,36.92641436,40.73276,33.90508
"12-14",34.79538,34.03402,36.7509699999955,35.48613,38.68814,38.68814,37.75486,40.25691,36.02952,39.9529800000001,38.77245755,37.3826825045451,37.75486,40.25691,34.03402
"12-15",33.43844,32.16746,36.1799500000067,37.07946,39.4802,39.4802,37.04262,40.81872,37.42637,40.35822,39.82406456,37.5723367781824,37.42637,40.81872,32.16746
"12-16",34.51908,32.74155,37.27901,36.98122,30.52501,30.52501,37.14393,37.60136,39.28986,36.37336,39.8227813,35.7092883,36.98122,39.8227813,30.52501
"12-17",34.36251,35.99882,42.98307,37.08867,38.4057,38.4057,34.63267,34.29804,39.62449,30.68772,32.02074777,36.2280125245454,35.99882,42.98307,30.68772
"12-18",33.53668,35.5813,38.3197399999978,34.95502,33.57045,33.57045,34.76161,36.19223,39.92842,36.45932,36.82268827,35.7907189336362,35.5813,39.92842,33.53668
"12-19",37.38953,36.15232,35.6119999999955,30.95788,34.59276,34.59276,38.93988,38.2829,39.52011,37.20226,32.9993072,36.0219733818178,36.15232,39.52011,30.95788
"12-20",36.13697,35.88216,36.2259999999978,31.49513,38.1908,38.1908,38.86927,39.00435,35.74094,37.02113,38.31862866,36.8251071509089,37.02113,39.00435,31.49513
"12-21",34.8015199999956,35.79927,38.0680000000045,35.17913,35.18834,35.18834,35.81769,36.23214,32.67094,37.1991900000001,42.70426181,36.2589838009091,35.79927,42.70426181,32.67094
"12-22",37.46321,32.84286,39.91,36.02952,31.21576,31.21576,35.52911,36.7786,37.37725,37.09788,37.49393763,35.7230806936364,36.7786,39.91,31.21576
"12-23",36.33652,34.49145,37.4540000000022,36.00189,33.8314,33.8314,35.50148,39.53546,37.34348,38.05879,35.99254185,36.2162192590911,36.00189,39.53546,33.8314
"12-24",34.34716,34.87827,36.2259999999978,36.0418,36.73255,36.73255,36.8707,39.5416,39.04426,38.13247,38.05809618,36.9641323799998,36.73255,39.5416,34.34716
"12-25",38.84164,37.41409,33.4630000000045,37.35576,34.78617,34.78617,40.22007,39.08724,39.16399,38.73419,37.91912342,37.4337675836368,37.91912342,40.22007,33.4630000000045
"12-26",31.38154,32.88891,37.4539999999911,36.7786,30.52808,30.52808,35.94356,39.65826,35.13922,36.56063,31.24691129,34.3734355718174,35.13922,39.65826,30.52808
"12-27",38.50394,35.59051,37.7610000000089,33.22968,34.60811,34.60811,35.59358,37.4233,37.59522,34.62346,36.61356294,36.0136793581826,35.59358,38.50394,33.22968
"12-28",36.34573,35.86067,39.2959999999978,30.94867,35.54753,35.54753,36.76939,38.78331,32.2964,34.04937,36.54880436,35.6357640327271,35.86067,39.2959999999978,30.94867
"12-29",36.25977,36.02952,38.9890000000022,32.27491,37.40488,37.40488,37.62899,38.682,35.31728,37.35269,36.18997969,36.6848999718184,37.35269,38.9890000000022,32.27491
"12-30",39.3788900000022,34.691,40.8309999999978,36.2567,36.61589,36.61589,35.64884,36.11855,40.28147,36.2137200000001,39.62725914,37.4799281036364,36.61589,40.8309999999978,34.691
"12-31",32.9718,35.37561,41.1379999999933,35.78699,37.14086,37.14086,35.31114,34.49452,36.96894,36.5023,38.35877198,36.4717992709085,36.5023,41.1379999999933,32.9718
